V1,V2,V3,V4,V5,V6,V7,V8,V9,V10,mTurkCode,Q21_1,Q21_2,Q21_3,Q21_4,Q6_6,Q6_7,Q6_8,Q22_1,Q22_2,Q22_3,Q22_4,Q26,Q1,Q2,Q2,Q23_1,Q23_2,Q23_3,Q23_4,Q20_7,Q20_9,Q27_1,Q27_2,Q27_3,Q27_4,Q18_6,Q18_7,Q24_1,Q24_2,Q24_3,Q24_4,Q18_4,Q18_5,Q28_1,Q28_2,Q28_3,Q28_4,Q19_4,Q19_5,Q19_1,Q19_2,Q25_1,Q25_2,Q25_3,Q25_4,Q8,Q9,Q15,Q16,Q12,LocationLatitude,LocationLongitude,LocationAccuracy,
ResponseID,ResponseSet,Name,ExternalDataReference,EmailAddress,IPAddress,Status,StartDate,EndDate,Finished,mTurkCode,Timing-First Click,Timing-Last Click,Timing-Page Submit,Timing-Click Count,In the following segment we will be asking you to read two excerpts from a news article discussin...-Overall Impact,In the following segment we will be asking you to read two excerpts from a news article discussin...-Social Impact,In the following segment we will be asking you to read two excerpts from a news article discussin...-Economic Impact,Timing-First Click,Timing-Last Click,Timing-Page Submit,Timing-Click Count,What is your current age?,"Generally speaking, do you usually think of yourself as a Republican, a Democrat, an Independent?",Would you call yourself a strong Republican/Democrat or a not very strong Republican/Democrat?,Which party do you think of yourself as closer. The Republican or Democratic party?,Timing-First Click,Timing-Last Click,Timing-Page Submit,Timing-Click Count,Please read the following excerpt from a Huffington Post News article:   Daum said society might...-Do you agree with the author's position as represented in this article?,Please read the following excerpt from a Huffington Post News article:   Daum said society might...-Do you believe this article to be an accurate representation of the situation?,Timing-First Click,Timing-Last Click,Timing-Page Submit,Timing-Click Count,Please read the following excerpt from a Fox News article:    It should be clear at a glance just...-Do you agree with the author's position as represented in this article?,Please read the following excerpt from a Fox News article:    It should be clear at a glance just...-Do you believe this article to be an accurate representation of the situation?,Timing-First Click,Timing-Last Click,Timing-Page Submit,Timing-Click Count,Please read the following excerpt from a Fox News article:   Daum said society might forgive a nu...-Do you agree with the author's position as represented in this article?,Please read the following excerpt from a Fox News article:   Daum said society might forgive a nu...-Do you believe this article to be an accurate representation of the situation?,Timing-First Click,Timing-Last Click,Timing-Page Submit,Timing-Click Count,Please read the following excerpt from a Huffington Post News article:   It should be clear at a...-Do you agree with the author's position as represented in this article?,Please read the following excerpt from a Huffington Post News article:   It should be clear at a...-Do you believe this article to be an accurate representation of the situation?,How familiar are you with the following news sources?-Fox News,How familiar are you with the following news sources?-Huffington Post News,Timing-First Click,Timing-Last Click,Timing-Page Submit,Timing-Click Count,Gender,What is the highest level of education you have completed?,Please indicate your occupation:,What is your current marital status?,"50 States, D.C. and Puerto Rico",LocationLatitude,LocationLongitude,LocationAccuracy,
R_2TodFJkEf9gg6Fg,Default Response Set,Anonymous,,,69.248.71.195,0,2016-04-03 23:11:20,2016-04-03 23:13:53,1,8552433,1,2,3,4,Positive,Positive,Positive,1,2,3,4,18-25,Republican,Moderate,,,,,,,,,,,,,,,,,,Agree,Agree,,,,,Agree,Agree,Extremely familiar,Extremely familiar,1,2,3,4,Male,Some College,"Management, professional, and related ","Single, never married",New Jersey,40.581695556641,-74.231498718262,-1,
R_1pEjuPlSXz5vxIN,Default Response Set,Anonymous,,,64.121.102.112,0,2016-04-03 23:13:18,2016-04-03 23:14:33,1,7744614,1,2,3,4,Negative,Negative,Neutral,1,2,3,4,18-25,Democrat,Moderate,,,,,,,,,,,,,,,,,,Agree,Strongly Agree,,,,,Disagree,Neither Agree nor Disagree,Slightly familiar,Not familiar at all,1,2,3,4,Male,4-year College Degree,Service ,"Single, never married",Pennsylvania,40.590194702148,-75.354698181152,-1,
R_1kSaUzDoQi1tmRw,Default Response Set,Anonymous,,,50.138.81.216,0,2016-04-03 23:11:30,2016-04-03 23:14:36,1,7102945,1,2,3,4,Very Positive,Very Positive,Very Positive,1,2,3,4,26-34,Independent,,Democrat,,,,,Neither Agree nor Disagree,Neither Agree nor Disagree,,,,,Neither Agree nor Disagree,Neither Agree nor Disagree,,,,,,,,,,,,,Moderately familiar,Moderately familiar,1,2,3,4,Male,4-year College Degree,Other,Living w/ partner,Florida,26.853897094727,-80.189796447754,-1,
R_25T8JSllDoDE1F6,Default Response Set,Anonymous,,,67.246.117.190,0,2016-04-03 23:13:04,2016-04-03 23:14:43,1,6987963,1,2,3,4,Very Positive,Very Positive,Positive,1,2,3,4,26-34,Democrat,Moderate,,,,,,,,,,,,,,,,,,Strongly Agree,Strongly Agree,,,,,Agree,Agree,Very familiar,Very familiar,1,2,3,4,Male,Some College,Unemployed,"Single, never married",New York,43.348007202148,-76.34220123291,-1,
R_2eVCXA6u5QaLrDd,Default Response Set,Anonymous,,,184.47.26.24,0,2016-04-03 23:12:11,2016-04-03 23:14:52,1,8765568,1,2,3,4,Positive,Positive,Positive,1,2,3,4,26-34,Democrat,Strong,,,,,,,,,,,,,,,,,,Neither Agree nor Disagree,Neither Agree nor Disagree,,,,,Agree,Agree,Extremely familiar,Extremely familiar,1,2,3,4,Female,High School / GED,Other,"Single, never married",Georgia,34.377593994141,-83.760498046875,-1,
R_28S3UZkNWThh2I0,Default Response Set,Anonymous,,,50.138.77.114,0,2016-04-03 23:13:00,2016-04-03 23:15:02,1,9544771,1,2,3,4,Neutral,Positive,Neutral,1,2,3,4,26-34,Democrat,Moderate,,,,,,Agree,Agree,,,,,Agree,Agree,,,,,,,,,,,,,Extremely familiar,Moderately familiar,1,2,3,4,Female,4-year College Degree,Government ,Married with children,Florida,25.93879699707,-80.214401245117,-1,
R_3LX7shhxPfRXl5e,Default Response Set,Anonymous,,,104.6.249.74,0,2016-04-03 23:13:12,2016-04-03 23:15:29,1,9765661,1,2,3,4,Positive,Positive,Positive,1,2,3,4,18-25,Democrat,Moderate,,,,,,Agree,Agree,,,,,Neither Agree nor Disagree,Disagree,,,,,,,,,,,,,Moderately familiar,Very familiar,1,2,3,4,Female,4-year College Degree,Service ,Living w/ partner,Ohio,40.081207275391,-82.808799743652,-1,
R_1NnB0uwsFTpENuY,Default Response Set,Anonymous,,,174.107.248.31,0,2016-04-03 23:13:35,2016-04-03 23:15:45,1,2646531,1,2,3,4,Positive,Neutral,Positive,1,2,3,4,18-25,Independent,,Republican,,,,,,,,,,,,,,,,,Agree,Agree,,,,,Agree,Neither Agree nor Disagree,Slightly familiar,Moderately familiar,1,2,3,4,Female,Masters Degree,Government ,"Single, never married",South Carolina,34.203796386719,-80.995498657227,-1,
R_1i9Z3sTCglGo8Jq,Default Response Set,Anonymous,,,64.129.26.4,0,2016-04-03 23:13:17,2016-04-03 23:15:49,1,7305883,1,2,3,4,Positive,Positive,Neutral,1,2,3,4,35-44,Republican,Weak,,,,,,Agree,Agree,,,,,Agree,Neither Agree nor Disagree,,,,,,,,,,,,,Very familiar,Moderately familiar,1,2,3,4,Male,4-year College Degree,"Management, professional, and related ",Married with children,New York,42.749496459961,-73.595100402832,-1,
R_22PKyRRFQ7A5hL2,Default Response Set,Anonymous,,,173.240.195.221,0,2016-04-03 23:12:27,2016-04-03 23:15:54,1,1535060,1,2,3,4,Neutral,Negative,Positive,1,2,3,4,26-34,Independent,,Republican,,,,,,,,,,,,,,,,,Neither Agree nor Disagree,Disagree,,,,,Agree,Neither Agree nor Disagree,Moderately familiar,Slightly familiar,1,2,3,4,Male,4-year College Degree,"Management, professional, and related ","Single, never married",Iowa,41.563507080078,-93.784202575684,-1,
R_1dEWjCQMI8BrRKp,Default Response Set,Anonymous,,,173.171.16.63,0,2016-04-03 23:12:39,2016-04-03 23:16:14,1,4007740,1,2,3,4,Positive,Positive,Neutral,1,2,3,4,45-54,Republican,Strong,,,,,,Agree,Agree,,,,,Strongly Agree,Agree,,,,,,,,,,,,,Extremely familiar,Very familiar,1,2,3,4,Male,2-year College Degree,Service ,"Single, never married",Florida,28.377502441406,-82.500503540039,-1,
R_3rYt7o86dZvuFTZ,Default Response Set,Anonymous,,,50.138.77.114,0,2016-04-03 23:16:09,2016-04-03 23:17:05,1,7230301,1,2,3,4,Positive,Positive,Positive,1,2,3,4,26-34,Republican,Moderate,,,,,,Agree,Agree,,,,,Agree,Strongly Agree,,,,,,,,,,,,,Very familiar,Very familiar,1,2,3,4,Female,4-year College Degree,Sales and office ,Married with children,Florida,25.93879699707,-80.214401245117,-1,
R_sRpHLg6eh43HZ3b,Default Response Set,Anonymous,,,74.213.111.82,0,2016-04-03 23:15:06,2016-04-03 23:17:18,1,7413878,1,2,3,4,Neutral,Neutral,Neutral,1,2,3,4,18-25,Democrat,Moderate,,,,,,Neither Agree nor Disagree,Neither Agree nor Disagree,,,,,Neither Agree nor Disagree,Neither Agree nor Disagree,,,,,,,,,,,,,Extremely familiar,Not familiar at all,1,2,3,4,Female,High School / GED,Sales and office ,"Single, never married",New York,18.475692749023,-67.124702453613,-1,
R_1MXtiYqurnWSGzb,Default Response Set,Anonymous,,,40.139.94.147,0,2016-04-03 23:15:18,2016-04-03 23:17:54,1,7616454,1,2,3,4,Negative,Negative,Neutral,1,2,3,4,35-44,Independent,,Republican,,,,,,,,,,,,,,,,,Disagree,Disagree,,,,,Agree,Agree,Very familiar,Moderately familiar,1,2,3,4,Male,Some College,Service ,"Single, never married",Michigan,42.292404174805,-85.690803527832,-1,
R_3exeZu4iztMkuos,Default Response Set,Anonymous,,,73.166.200.57,0,2016-04-03 23:12:37,2016-04-03 23:17:58,1,2119557,1,2,3,4,Neutral,Positive,Negative,1,2,3,4,26-34,Independent,,Republican,,,,,Agree,Neither Agree nor Disagree,,,,,Disagree,Neither Agree nor Disagree,,,,,,,,,,,,,Slightly familiar,Moderately familiar,1,2,3,4,Male,High School / GED,Service ,"Single, never married",Texas,30.001602172852,-95.44750213623,-1,
R_2qwo8kxHMcRHKnm,Default Response Set,Anonymous,,,54.152.235.199,0,2016-04-03 23:14:05,2016-04-03 23:18:03,1,8791894,1,2,3,4,Neutral,Neutral,Neutral,1,2,3,4,45-54,Democrat,Moderate,,,,,,,,,,,,,,,,,,Neither Agree nor Disagree,Neither Agree nor Disagree,,,,,Strongly Agree,Strongly Agree,Extremely familiar,Extremely familiar,1,2,3,4,Male,4-year College Degree,Sales and office ,Married with children,Louisiana,39.033493041992,-77.48380279541,-1,
R_VUswGzVPttPzBLz,Default Response Set,Anonymous,,,50.183.210.110,0,2016-04-03 23:16:18,2016-04-03 23:18:06,1,8664392,1,2,3,4,Very Negative,Very Negative,Negative,1,2,3,4,35-44,Independent,,Republican,,,,,Strongly Disagree,Disagree,,,,,Agree,Agree,,,,,,,,,,,,,Extremely familiar,Moderately familiar,1,2,3,4,Female,High School / GED,Other,"Single, never married",Colorado,38.762893676758,-104.84790039062,-1,
R_2AQAYnChxTYivno,Default Response Set,Anonymous,,,73.163.11.116,0,2016-04-03 23:15:49,2016-04-03 23:18:07,1,6374802,1,2,3,4,Neutral,Neutral,Neutral,1,2,3,4,18-25,Independent,,Democrat,,,,,Agree,Agree,,,,,Agree,Agree,,,,,,,,,,,,,Moderately familiar,Moderately familiar,1,2,3,4,Female,Some College,Unemployed,"Single, never married",Delaware,38.667999267578,-75.397300720215,-1,
R_2DUhS5Cwz7K66RI,Default Response Set,Anonymous,,,173.19.129.120,0,2016-04-03 23:11:47,2016-04-03 23:18:11,1,7687379,1,2,3,4,Positive,Positive,Positive,1,2,3,4,26-34,Democrat,Moderate,,,,,,,,,,,,,,,,,,Agree,Agree,,,,,Neither Agree nor Disagree,Disagree,Extremely familiar,Extremely familiar,1,2,3,4,Female,Some College,Other,"Single, never married",Illinois,37.768005371094,-89.327499389648,-1,
R_2tg574BZGROj484,Default Response Set,Anonymous,,,174.134.36.67,0,2016-04-03 23:15:51,2016-04-03 23:18:22,1,4017450,1,2,3,4,Negative,Neutral,Negative,1,2,3,4,45-54,Democrat,Moderate,,,,,,,,,,,,,,,,,,Agree,Agree,,,,,Agree,Agree,Very familiar,Very familiar,1,2,3,4,Female,Some College,Sales and office ,Married with children,California,35.5498046875,-118.91709899902,-1,
R_2RQi0mNUvVS92xu,Default Response Set,Anonymous,,,68.11.233.206,0,2016-04-03 23:17:23,2016-04-03 23:18:57,1,3887206,1,2,3,4,Very Positive,Very Positive,Neutral,1,2,3,4,18-25,Independent,,Democrat,,,,,,,,,,,,,,,,,Disagree,Disagree,,,,,Neither Agree nor Disagree,Agree,Extremely familiar,Extremely familiar,1,2,3,4,Male,4-year College Degree,"Management, professional, and related ","Single, never married",Louisiana,30.428497314453,-91.019500732422,-1,
R_8um9ioV5nB10x0t,Default Response Set,Anonymous,,,98.83.95.114,0,2016-04-03 23:11:19,2016-04-03 23:19:06,1,3312488,1,2,3,4,Very Positive,Very Positive,Very Positive,1,2,3,4,26-34,Republican,Weak,,,,,,Agree,Agree,,,,,Disagree,Disagree,,,,,,,,,,,,,Moderately familiar,Very familiar,1,2,3,4,Male,Some College,Unemployed,"Single, never married",Alabama,33.41960144043,-86.401397705078,-1,
R_2EF4YnbsVoWfDKv,Default Response Set,Anonymous,,,99.10.172.51,0,2016-04-03 23:16:52,2016-04-03 23:19:15,1,2842713,1,2,3,4,Positive,Neutral,Very Positive,1,2,3,4,26-34,Democrat,Strong,,,,,,Agree,Agree,,,,,Disagree,Agree,,,,,,,,,,,,,Moderately familiar,Moderately familiar,1,2,3,4,Male,4-year College Degree,Other,"Single, never married",Florida,27.249801635742,-80.379699707031,-1,
R_1mWVG8bahsPdJR3,Default Response Set,Anonymous,,,174.59.141.217,0,2016-04-03 23:13:03,2016-04-03 23:19:38,1,2925273,1,2,3,4,Positive,Positive,Neutral,1,2,3,4,18-25,Republican,Strong,,,,,,,,,,,,,,,,,,Agree,Neither Agree nor Disagree,,,,,Agree,Agree,Very familiar,Slightly familiar,1,2,3,4,Female,Some College,Sales and office ,"Single, never married",Pennsylvania,39.893905639648,-76.557998657227,-1,
R_eQf0wyf4qcFI0xz,Default Response Set,Anonymous,,,73.224.39.132,0,2016-04-03 23:16:33,2016-04-03 23:20:24,1,4036991,1,2,3,4,Very Positive,Very Positive,Very Positive,1,2,3,4,18-25,Democrat,Weak,,,,,,,,,,,,,,,,,,Agree,Agree,,,,,Neither Agree nor Disagree,Disagree,Moderately familiar,Slightly familiar,1,2,3,4,Male,2-year College Degree,Sales and office ,"Single, never married",Florida,30.179595947266,-81.518203735352,-1,
R_1OPl4FprJyxJlNL,Default Response Set,Anonymous,,,184.250.34.12,0,2016-04-03 23:16:54,2016-04-03 23:20:35,1,215202,1,2,3,4,Negative,Very Negative,Neutral,1,2,3,4,45-54,Republican,Strong,,,,,,,,,,,,,,,,,,Strongly Disagree,Strongly Disagree,,,,,Strongly Agree,Strongly Agree,Extremely familiar,Very familiar,1,2,3,4,Male,2-year College Degree,"Construction, extraction, and maintenance ","Single, never married",California,37.507904052734,-121.95989990234,-1,
R_2Vauhn7Vr7Cocwt,Default Response Set,Anonymous,,,71.239.42.79,0,2016-04-03 23:15:16,2016-04-03 23:20:41,1,2013182,1,2,3,4,Negative,Positive,Negative,1,2,3,4,45-54,Independent,,Democrat,,,,,Agree,Neither Agree nor Disagree,,,,,Agree,Agree,,,,,,,,,,,,,Slightly familiar,Not familiar at all,1,2,3,4,Female,2-year College Degree,Sales and office ,Married with children,Illinois,41.512893676758,-87.960502624512,-1,
R_1eysQVEOlC14Fi9,Default Response Set,Anonymous,,,68.203.139.206,0,2016-04-03 23:18:03,2016-04-03 23:20:49,1,4940521,1,2,3,4,Negative,Negative,Neutral,1,2,3,4,26-34,Democrat,Moderate,,,,,,,,,,,,,,,,,,Neither Agree nor Disagree,Agree,,,,,Strongly Agree,Agree,Moderately familiar,Slightly familiar,1,2,3,4,Male,4-year College Degree,"Construction, extraction, and maintenance ","Single, never married",Texas,32.81950378418,-96.633796691895,-1,
R_vC6iP3mhIRfdLpv,Default Response Set,Anonymous,,,75.133.156.29,0,2016-04-03 23:18:12,2016-04-03 23:20:57,1,3852440,1,2,3,4,Neutral,Neutral,Positive,1,2,3,4,26-34,Independent,,Democrat,,,,,Disagree,Disagree,,,,,Agree,Agree,,,,,,,,,,,,,Extremely familiar,Extremely familiar,1,2,3,4,Female,Some College,Other,Married with children,Missouri,37.814605712891,-90.552101135254,-1,
R_33yh5lqGrLSzNUS,Default Response Set,Anonymous,,,131.107.159.48,0,2016-04-03 23:14:28,2016-04-03 23:20:59,1,9911328,1,2,3,4,Positive,Very Positive,Very Negative,1,2,3,4,26-34,Independent,,Republican,,,,,Agree,Agree,,,,,Agree,Disagree,,,,,,,,,,,,,Very familiar,Very familiar,1,2,3,4,Male,2-year College Degree,"Management, professional, and related ",Married with children,Washington,47.680099487305,-122.12060546875,-1,
R_1irnLcJtj802jkJ,Default Response Set,Anonymous,,,73.178.106.206,0,2016-04-03 23:18:20,2016-04-03 23:21:00,1,1547926,1,2,3,4,Positive,Positive,Positive,1,2,3,4,35-44,Democrat,Weak,,,,,,,,,,,,,,,,,,Agree,Agree,,,,,Disagree,Neither Agree nor Disagree,Very familiar,Very familiar,1,2,3,4,Female,2-year College Degree,Unemployed,Married with children,New Jersey,40.095596313477,-74.109497070312,-1,
R_33eG8As0upPti38,Default Response Set,Anonymous,,,50.43.59.158,0,2016-04-03 23:19:32,2016-04-03 23:21:53,1,9437830,1,2,3,4,Positive,Positive,Very Positive,1,2,3,4,26-34,Independent,,Republican,,,,,Agree,Agree,,,,,Disagree,Strongly Disagree,,,,,,,,,,,,,Moderately familiar,Moderately familiar,1,2,3,4,Female,4-year College Degree,Sales and office ,"Single, never married",Washington,45.58479309082,-122.9116973877,-1,
R_2DSM6I5gzoAVTtJ,Default Response Set,Anonymous,,,97.81.151.242,0,2016-04-03 23:19:19,2016-04-03 23:21:55,1,5663777,1,2,3,4,Neutral,Neutral,Neutral,1,2,3,4,55-64,Republican,Weak,,,,,,Disagree,Disagree,,,,,Agree,Agree,,,,,,,,,,,,,Moderately familiar,Moderately familiar,1,2,3,4,Female,Some College,Sales and office ,Married with children,Tennessee,36.490707397461,-82.620002746582,-1,
R_8H8tTl5vCKxjQAh,Default Response Set,Anonymous,,,67.169.13.17,0,2016-04-03 23:20:13,2016-04-03 23:22:30,1,323917,1,2,3,4,Very Positive,Very Positive,Neutral,1,2,3,4,18-25,Democrat,Strong,,,,,,Agree,Strongly Agree,,,,,Disagree,Disagree,,,,,,,,,,,,,Extremely familiar,Extremely familiar,1,2,3,4,Female,4-year College Degree,Other,"Single, never married",California,37.748397827148,-122.4156036377,-1,
R_30kvxjuJQduTU38,Default Response Set,Anonymous,,,65.30.11.24,0,2016-04-03 23:21:12,2016-04-03 23:22:55,1,875256,1,2,3,4,Neutral,Negative,Positive,1,2,3,4,35-44,Independent,,Republican,,,,,Agree,Agree,,,,,Agree,Strongly Agree,,,,,,,,,,,,,Extremely familiar,Very familiar,1,2,3,4,Male,Some College,"Production, transportation, and material moving ",Married with children,Wisconsin,43.08039855957,-88.259201049805,-1,
R_3lGgXHst8Bv0f15,Default Response Set,Anonymous,,,99.49.253.230,0,2016-04-03 23:20:55,2016-04-03 23:23:46,1,9680678,1,2,3,4,Positive,Positive,Positive,1,2,3,4,35-44,Democrat,Weak,,,,,,,,,,,,,,,,,,Neither Agree nor Disagree,Agree,,,,,Agree,Neither Agree nor Disagree,Moderately familiar,Very familiar,1,2,3,4,Male,4-year College Degree,"Management, professional, and related ",Married with children,Illinois,42.456298828125,-87.870399475098,-1,
R_31sbCMCtjoJM7tO,Default Response Set,Anonymous,,,71.88.152.220,0,2016-04-03 23:21:24,2016-04-03 23:23:53,1,3688126,1,2,3,4,Neutral,Neutral,Neutral,1,2,3,4,18-25,Independent,,Democrat,,,,,,,,,,,,,,,,,Disagree,Disagree,,,,,Neither Agree nor Disagree,Neither Agree nor Disagree,Slightly familiar,Slightly familiar,1,2,3,4,Male,High School / GED,"Construction, extraction, and maintenance ","Single, never married",Louisiana,30.533493041992,-92.116302490234,-1,
R_2P743TSgkrvTXna,Default Response Set,Anonymous,,,97.90.30.216,0,2016-04-03 23:21:46,2016-04-03 23:24:31,1,2707657,1,2,3,4,Very Positive,Positive,Very Positive,1,2,3,4,45-54,Independent,,Democrat,,,,,,,,,,,,,,,,,Neither Agree nor Disagree,Disagree,,,,,Agree,Agree,Very familiar,Very familiar,1,2,3,4,Male,Some College,"Management, professional, and related ","Single, never married",California,34.006896972656,-118.03150177002,-1,
R_3LjdmQ9ME1qtWMU,Default Response Set,Anonymous,,,66.31.37.8,0,2016-04-03 23:21:56,2016-04-03 23:24:43,1,7528363,1,2,3,4,Very Positive,Positive,Positive,1,2,3,4,35-44,Independent,,Democrat,,,,,,,,,,,,,,,,,Neither Agree nor Disagree,Agree,,,,,Disagree,Disagree,Slightly familiar,Slightly familiar,1,2,3,4,Male,4-year College Degree,Unemployed,Living w/ partner,Massachusetts,42.424697875977,-71.111198425293,-1,
R_1li4UodBLDxwRb6,Default Response Set,Anonymous,,,12.179.165.178,0,2016-04-03 23:21:04,2016-04-03 23:24:59,1,6484638,1,2,3,4,Neutral,Neutral,Neutral,1,2,3,4,55-64,Democrat,Strong,,,,,,Neither Agree nor Disagree,Agree,,,,,Agree,Agree,,,,,,,,,,,,,Moderately familiar,Extremely familiar,1,2,3,4,Male,Masters Degree,"Management, professional, and related ",Divorced,Florida,28.463806152344,-80.672500610352,-1,
R_AKwWQxwuwO2aS7T,Default Response Set,Anonymous,,,181.166.181.161,0,2016-04-03 23:21:49,2016-04-03 23:25:02,1,3438730,1,2,3,4,Neutral,Negative,Negative,1,2,3,4,18-25,Democrat,Moderate,,,,,,,,,,,,,,,,,,Disagree,Agree,,,,,Disagree,Neither Agree nor Disagree,Not familiar at all,Not familiar at all,1,2,3,4,Female,High School / GED,Unemployed,Living w/ partner,Florida,-34.760894775391,-58.406303405762,-1,
R_1gI5cMZAwpUZt94,Default Response Set,Anonymous,,,141.158.217.27,0,2016-04-03 23:24:36,2016-04-03 23:26:12,1,4320780,1,2,3,4,Positive,Positive,Positive,1,2,3,4,26-34,Republican,Weak,,,,,,,,,,,,,,,,,,Agree,Strongly Agree,,,,,Disagree,Agree,Extremely familiar,Very familiar,1,2,3,4,Male,Masters Degree,"Management, professional, and related ","Single, never married",Pennsylvania,40.037902832031,-79.120399475098,-1,
R_1GTWy82SGQmb3xc,Default Response Set,Anonymous,,,107.2.158.61,0,2016-04-03 23:23:54,2016-04-03 23:26:44,1,4071153,1,2,3,4,Neutral,Neutral,Negative,1,2,3,4,45-54,Republican,Strong,,,,,,Strongly Disagree,Strongly Disagree,,,,,Agree,Strongly Agree,,,,,,,,,,,,,Moderately familiar,Slightly familiar,1,2,3,4,Female,High School / GED,Sales and office ,Married with children,Colorado,39.683700561523,-104.91139984131,-1,
R_28UMkRRA496hibF,Default Response Set,Anonymous,,,172.243.175.26,0,2016-04-03 23:24:27,2016-04-03 23:27:52,1,1821418,1,2,3,4,Positive,Positive,Positive,1,2,3,4,35-44,Democrat,Strong,,,,,,,,,,,,,,,,,,Agree,Agree,,,,,Agree,Agree,Extremely familiar,Extremely familiar,1,2,3,4,Male,Some College,Service ,Divorced,Missouri,34.948196411133,-90.439903259277,-1,
R_2ZTGyCSPDX4UFVi,Default Response Set,Anonymous,,,75.121.45.98,0,2016-04-03 23:24:22,2016-04-03 23:28:55,1,5779136,1,2,3,4,Very Positive,Positive,Very Positive,1,2,3,4,35-44,Democrat,Weak,,,,,,Agree,Agree,,,,,Disagree,Strongly Disagree,,,,,,,,,,,,,Very familiar,Very familiar,1,2,3,4,Male,Some College,"Management, professional, and related ",Married with children,Mississippi,34.917999267578,-89.821601867676,-1,
R_2as0JgWckRrBbIw,Default Response Set,Anonymous,,,24.140.55.97,0,2016-04-03 23:24:20,2016-04-03 23:29:16,1,9480765,1,2,3,4,Neutral,Very Negative,Neutral,1,2,3,4,55-64,Democrat,Moderate,,,,,,,,,,,,,,,,,,Neither Agree nor Disagree,Agree,,,,,Agree,Neither Agree nor Disagree,Extremely familiar,Very familiar,1,2,3,4,Female,Less than High School,Unemployed,Separated,Ohio,40.818206787109,-81.491798400879,-1,
R_3lx0HKk8bAzL7dX,Default Response Set,Anonymous,,,174.134.218.130,0,2016-04-03 23:26:26,2016-04-03 23:29:33,1,8011571,1,2,3,4,Positive,Positive,Very Positive,1,2,3,4,18-25,Democrat,Moderate,,,,,,,,,,,,,,,,,,Agree,Agree,,,,,Agree,Agree,Moderately familiar,Slightly familiar,1,2,3,4,Male,Some College,Unemployed,"Single, never married",California,35.387893676758,-119.02360534668,-1,
R_1JLcMHwR7B28hBp,Default Response Set,Anonymous,,,173.217.96.226,0,2016-04-03 23:29:44,2016-04-03 23:30:48,1,4152561,1,2,3,4,Neutral,Neutral,Very Positive,1,2,3,4,26-34,Republican,Strong,,,,,,,,,,,,,,,,,,Strongly Agree,Strongly Agree,,,,,Agree,Agree,Very familiar,Extremely familiar,1,2,3,4,Female,2-year College Degree,Service ,"Single, never married",Louisiana,30.13459777832,-93.273002624512,-1,
R_2Ebi3rHWagCZUH5,Default Response Set,Anonymous,,,74.102.229.133,0,2016-04-03 23:29:01,2016-04-03 23:31:25,1,9568009,1,2,3,4,Very Positive,Very Positive,Neutral,1,2,3,4,35-44,Independent,,Democrat,,,,,,,,,,,,,,,,,Strongly Agree,Strongly Agree,,,,,Strongly Agree,Strongly Agree,Very familiar,Very familiar,1,2,3,4,Male,4-year College Degree,"Management, professional, and related ","Single, never married",New Jersey,40.848297119141,-73.972503662109,-1,
R_2RQ6BeodQG3iXtq,Default Response Set,Anonymous,,,174.21.72.216,0,2016-04-03 23:28:33,2016-04-03 23:31:39,1,6673172,1,2,3,4,Positive,Positive,Positive,1,2,3,4,26-34,Democrat,Strong,,,,,,,,,,,,,,,,,,Agree,Agree,,,,,Agree,Agree,Moderately familiar,Moderately familiar,1,2,3,4,Female,Some College,Other,Living w/ partner,Washington,47.638107299805,-122.37149810791,-1,
R_1dtokDajiyxYQ77,Default Response Set,Anonymous,,,45.30.24.144,0,2016-04-03 23:29:41,2016-04-03 23:32:16,1,7932340,1,2,3,4,Negative,Negative,Neutral,1,2,3,4,26-34,Independent,,Republican,,,,,,,,,,,,,,,,,Agree,Agree,,,,,Strongly Agree,Strongly Agree,Slightly familiar,Slightly familiar,1,2,3,4,Female,4-year College Degree,Other,Married with children,California,37.875396728516,-121.6867980957,-1,
R_2YsNE6sehzlDgae,Default Response Set,Anonymous,,,24.100.25.225,0,2016-04-03 23:29:29,2016-04-03 23:33:54,1,6672369,1,2,3,4,Positive,Very Positive,Negative,1,2,3,4,45-54,Democrat,Strong,,,,,,,,,,,,,,,,,,Neither Agree nor Disagree,Neither Agree nor Disagree,,,,,Agree,Agree,Moderately familiar,Moderately familiar,1,2,3,4,Male,4-year College Degree,Service ,"Single, never married",Kentucky,36.635498046875,-88.282997131348,-1,
R_3MsvWL6zQYlMPDo,Default Response Set,Anonymous,,,173.217.32.103,0,2016-04-03 23:31:53,2016-04-03 23:35:06,1,3222997,1,2,3,4,Negative,Negative,Negative,1,2,3,4,45-54,Independent,,Republican,,,,,Agree,Agree,,,,,Agree,Agree,,,,,,,,,,,,,Extremely familiar,Extremely familiar,1,2,3,4,Male,Some College,"Construction, extraction, and maintenance ",Divorced,Louisiana,32.452499389648,-93.636497497559,-1,
R_2CNQOpZlO0wq8OB,Default Response Set,Anonymous,,,68.59.55.103,0,2016-04-03 23:32:18,2016-04-03 23:35:13,1,4957410,1,2,3,4,Positive,Neutral,Neutral,1,2,3,4,26-34,Independent,,Democrat,,,,,Disagree,Neither Agree nor Disagree,,,,,Neither Agree nor Disagree,Disagree,,,,,,,,,,,,,Very familiar,Moderately familiar,1,2,3,4,Male,4-year College Degree,Other,"Single, never married",Florida,30.525207519531,-84.332099914551,-1,
R_57FZiOVEmIB2v2p,Default Response Set,Anonymous,,,45.49.98.243,0,2016-04-03 23:33:23,2016-04-03 23:37:15,1,5152894,1,2,3,4,Very Positive,Very Positive,Very Positive,1,2,3,4,18-25,Independent,,Democrat,,,,,,,,,,,,,,,,,Agree,Agree,,,,,Agree,Agree,Very familiar,Very familiar,1,2,3,4,Male,High School / GED,Other,"Single, never married",California,33.986404418945,-118.08840179443,-1,
R_YSvHWHUxFEy5Xnr,Default Response Set,Anonymous,,,174.106.65.158,0,2016-04-03 23:34:06,2016-04-03 23:38:30,1,8107993,1,2,3,4,Neutral,Neutral,Neutral,1,2,3,4,45-54,Democrat,Moderate,,,,,,Disagree,Disagree,,,,,Agree,Agree,,,,,,,,,,,,,Extremely familiar,Moderately familiar,1,2,3,4,Male,High School / GED,Other,Married without children,North Carolina,35.131103515625,-80.851196289062,-1,
R_12MFXknlF1RNV1w,Default Response Set,Anonymous,,,67.183.66.22,0,2016-04-03 23:38:59,2016-04-03 23:41:20,1,1794848,1,2,3,4,Neutral,Neutral,Positive,1,2,3,4,45-54,Democrat,Moderate,,,,,,,,,,,,,,,,,,Agree,Agree,,,,,Neither Agree nor Disagree,Disagree,Moderately familiar,Moderately familiar,1,2,3,4,Female,4-year College Degree,Unemployed,Married with children,Washington,47.673797607422,-122.34190368652,-1,
R_xr5CQaeb4SNdhM5,Default Response Set,Anonymous,,,54.152.220.9,0,2016-04-03 23:33:13,2016-04-03 23:41:32,1,5730810,1,2,3,4,Positive,Negative,Neutral,1,2,3,4,35-44,Democrat,Strong,,,,,,,,,,,,,,,,,,Agree,Agree,,,,,Agree,Agree,Moderately familiar,Very familiar,1,2,3,4,Female,Masters Degree,Service ,"Single, never married",Arizona,39.033493041992,-77.48380279541,-1,
R_28ChHXJKCBss4Vc,Default Response Set,Anonymous,,,24.158.124.19,0,2016-04-03 23:37:54,2016-04-03 23:41:33,1,2709401,1,2,3,4,Very Negative,Very Negative,Negative,1,2,3,4,18-25,Democrat,Moderate,,,,,,Neither Agree nor Disagree,Neither Agree nor Disagree,,,,,Strongly Agree,Strongly Agree,,,,,,,,,,,,,Extremely familiar,Moderately familiar,1,2,3,4,Female,High School / GED,Service ,"Single, never married",Tennessee,35.960601806641,-83.920700073242,-1,
R_3Eyd7nkFHfXgAsJ,Default Response Set,Anonymous,,,104.174.223.0,0,2016-04-03 23:39:48,2016-04-03 23:41:56,1,1067614,1,2,3,4,Positive,Positive,Positive,1,2,3,4,26-34,Democrat,Moderate,,,,,,Agree,Agree,,,,,Disagree,Disagree,,,,,,,,,,,,,Slightly familiar,Slightly familiar,1,2,3,4,Male,4-year College Degree,"Management, professional, and related ","Single, never married",California,34.078994750977,-117.84939575195,-1,
R_1djgLg21n6JwLvJ,Default Response Set,Anonymous,,,129.255.225.211,0,2016-04-03 23:42:06,2016-04-03 23:44:29,1,3474859,1,2,3,4,Positive,Very Positive,Neutral,1,2,3,4,18-25,Democrat,Moderate,,,,,,Neither Agree nor Disagree,Agree,,,,,Agree,Agree,,,,,,,,,,,,,Very familiar,Moderately familiar,1,2,3,4,Male,Some College,Other,"Single, never married",Iowa,41.664001464844,-91.544700622559,-1,
R_25LQm3qZ1eVVrRs,Default Response Set,Anonymous,,,71.12.121.214,0,2016-04-03 23:42:39,2016-04-03 23:44:38,1,103970,1,2,3,4,Positive,Positive,Positive,1,2,3,4,45-54,Republican,Moderate,,,,,,Neither Agree nor Disagree,Neither Agree nor Disagree,,,,,Neither Agree nor Disagree,Neither Agree nor Disagree,,,,,,,,,,,,,Very familiar,Moderately familiar,1,2,3,4,Female,High School / GED,"Management, professional, and related ",Married with children,Oregon,43.373992919922,-124.14770507812,-1,
R_10q05b8TucWzsvj,Default Response Set,Anonymous,,,100.33.44.74,0,2016-04-03 23:41:32,2016-04-03 23:45:09,1,3873173,1,2,3,4,Neutral,Negative,Positive,1,2,3,4,55-64,Democrat,Moderate,,,,,,,,,,,,,,,,,,Agree,Agree,,,,,Agree,Neither Agree nor Disagree,Very familiar,Very familiar,1,2,3,4,Female,4-year College Degree,Sales and office ,Divorced,New York,40.545303344727,-74.178596496582,-1,
R_1Hd94b4gFRmqfRu,Default Response Set,Anonymous,,,98.248.61.172,0,2016-04-03 23:46:35,2016-04-03 23:48:28,1,5288688,1,2,3,4,Positive,Positive,Positive,1,2,3,4,35-44,Democrat,Strong,,,,,,Disagree,Disagree,,,,,Disagree,Disagree,,,,,,,,,,,,,Very familiar,Very familiar,1,2,3,4,Female,4-year College Degree,"Management, professional, and related ",Married without children,California,37.236206054688,-121.82890319824,-1,
R_2CEALMPDyhWdugh,Default Response Set,Anonymous,,,66.44.195.96,0,2016-04-03 23:45:49,2016-04-03 23:48:59,1,4970424,1,2,3,4,Positive,Positive,Very Positive,1,2,3,4,18-25,Independent,,Democrat,,,,,,,,,,,,,,,,,Agree,Strongly Agree,,,,,Neither Agree nor Disagree,Neither Agree nor Disagree,Extremely familiar,Extremely familiar,1,2,3,4,Female,High School / GED,Unemployed,"Single, never married",Georgia,34.341003417969,-84.348999023438,-1,
R_3FPg1v5W5e3Z18M,Default Response Set,Anonymous,,,24.190.31.157,0,2016-04-03 23:44:26,2016-04-03 23:49:12,1,9447145,1,2,3,4,Very Positive,Very Positive,Very Positive,1,2,3,4,26-34,Democrat,Moderate,,,,,,,,,,,,,,,,,,Agree,Agree,,,,,Agree,Strongly Agree,Extremely familiar,Not familiar at all,1,2,3,4,Male,4-year College Degree,Service ,Married with children,New York,40.876007080078,-73.871597290039,-1,
R_sZrvAPL0xmPsmOd,Default Response Set,Anonymous,,,98.254.206.180,0,2016-04-03 23:44:14,2016-04-03 23:49:25,1,3475800,1,2,3,4,Positive,Positive,Positive,1,2,3,4,35-44,Independent,,Democrat,,,,,,,,,,,,,,,,,Agree,Agree,,,,,Neither Agree nor Disagree,Neither Agree nor Disagree,Moderately familiar,Moderately familiar,1,2,3,4,Male,2-year College Degree,Unemployed,"Single, never married",Florida,27.077499389648,-80.258697509766,-1,
R_vv6XWTxB9LhfWVz,Default Response Set,Anonymous,,,98.248.61.172,0,2016-04-03 23:49:54,2016-04-03 23:50:52,1,8834522,1,2,3,4,Positive,Positive,Positive,1,2,3,4,35-44,Democrat,Weak,,,,,,Disagree,Disagree,,,,,Disagree,Disagree,,,,,,,,,,,,,Very familiar,Very familiar,1,2,3,4,Male,4-year College Degree,Other,Married without children,California,37.236206054688,-121.82890319824,-1,
R_eqSMq8uhpfEmHNn,Default Response Set,Anonymous,,,68.4.157.208,0,2016-04-03 23:51:50,2016-04-03 23:55:47,1,5540009,1,2,3,4,Positive,Positive,Positive,1,2,3,4,55-64,Republican,Weak,,,,,,Agree,Agree,,,,,Agree,Agree,,,,,,,,,,,,,Extremely familiar,Moderately familiar,1,2,3,4,Female,Some College,Retired,"Single, never married",California,33.645095825195,-117.67860412598,-1,
R_e33OHP9PWEmmBoZ,Default Response Set,Anonymous,,,104.176.100.137,0,2016-04-03 23:56:27,2016-04-03 23:59:12,1,6955967,1,2,3,4,Positive,Positive,Neutral,1,2,3,4,26-34,Democrat,Strong,,,,,,Agree,Agree,,,,,Agree,Agree,,,,,,,,,,,,,Extremely familiar,Extremely familiar,1,2,3,4,Female,Masters Degree,"Management, professional, and related ",Living w/ partner,Alabama,33.397201538086,-86.840797424316,-1,
R_3O7DELlUU4ztxpD,Default Response Set,Anonymous,,,71.57.14.47,0,2016-04-03 23:58:32,2016-04-04 00:00:24,1,8171868,1,2,3,4,Very Positive,Very Positive,Very Positive,1,2,3,4,18-25,Republican,Weak,,,,,,,,,,,,,,,,,,Disagree,Disagree,,,,,Strongly Agree,Strongly Agree,Very familiar,Very familiar,1,2,3,4,Male,Some College,Unemployed,"Single, never married",Indiana,41.461898803711,-87.000801086426,-1,
R_2zJeZvXPcDBVBs5,Default Response Set,Anonymous,,,104.131.176.234,0,2016-04-03 23:59:35,2016-04-04 00:03:26,1,2698367,1,2,3,4,Neutral,Positive,Positive,1,2,3,4,26-34,Democrat,Moderate,,,,,,Agree,Neither Agree nor Disagree,,,,,Agree,Neither Agree nor Disagree,,,,,,,,,,,,,Moderately familiar,Moderately familiar,1,2,3,4,Male,"Professional Degree (JD, MD)","Management, professional, and related ","Single, never married",California,40.714294433594,-74.005996704102,-1,
R_3fH09Qd6NwBB2Vy,Default Response Set,Anonymous,,,76.189.168.244,0,2016-04-04 00:05:57,2016-04-04 00:09:34,1,6381691,1,2,3,4,Neutral,Neutral,Neutral,1,2,3,4,26-34,Democrat,Strong,,,,,,,,,,,,,,,,,,Agree,Agree,,,,,Strongly Agree,Strongly Agree,Slightly familiar,Moderately familiar,1,2,3,4,Female,4-year College Degree,Service ,Living w/ partner,Pennsylvania,42.106704711914,-80.107902526855,-1,
R_2YtwORBOP4Frmc7,Default Response Set,Anonymous,,,24.173.89.178,0,2016-04-04 00:13:06,2016-04-04 00:16:07,1,544498,1,2,3,4,Very Positive,Very Positive,Very Positive,1,2,3,4,18-25,Republican,Moderate,,,,,,,,,,,,,,,,,,Neither Agree nor Disagree,Agree,,,,,Agree,Agree,Extremely familiar,Very familiar,1,2,3,4,Male,Some College,"Management, professional, and related ",Married with children,Texas,31.044998168945,-97.508697509766,-1,
R_28UOGEhXzTJHMvk,Default Response Set,Anonymous,,,174.20.148.130,0,2016-04-04 00:15:13,2016-04-04 00:18:55,1,2931878,1,2,3,4,Negative,Negative,Neutral,1,2,3,4,26-34,Democrat,Moderate,,,,,,,,,,,,,,,,,,Agree,Agree,,,,,Agree,Agree,Very familiar,Very familiar,1,2,3,4,Female,Some College,Other,Married with children,Minnesota,45.020294189453,-93.245002746582,-1,
R_V4j9S8VREbgA4y5,Default Response Set,Anonymous,,,74.78.213.1,0,2016-04-04 00:16:04,2016-04-04 00:18:58,1,8503789,1,2,3,4,Neutral,Neutral,Neutral,1,2,3,4,55-64,Republican,Moderate,,,,,,,,,,,,,,,,,,Agree,Agree,,,,,Strongly Agree,Strongly Agree,Moderately familiar,Slightly familiar,1,2,3,4,Male,4-year College Degree,Other,Married with children,New York,43.050994873047,-76.176902770996,-1,
R_1Fqw1uJtMzPCTt3,Default Response Set,Anonymous,,,70.119.38.180,0,2016-04-04 00:17:11,2016-04-04 00:19:56,1,1422572,1,2,3,4,Positive,Positive,Very Positive,1,2,3,4,18-25,Republican,Moderate,,,,,,,,,,,,,,,,,,Agree,Agree,,,,,Agree,Agree,Extremely familiar,Very familiar,1,2,3,4,Male,Some College,Unemployed,"Single, never married",Texas,33.020004272461,-96.741897583008,-1,
R_51QKYsJ7ZckR4CR,Default Response Set,Anonymous,,,69.143.226.185,0,2016-04-04 00:17:42,2016-04-04 00:20:54,1,6515315,1,2,3,4,Positive,Positive,Neutral,1,2,3,4,26-34,Republican,Moderate,,,,,,,,,,,,,,,,,,Agree,Agree,,,,,Neither Agree nor Disagree,Neither Agree nor Disagree,Extremely familiar,Extremely familiar,1,2,3,4,Male,"Professional Degree (JD, MD)","Management, professional, and related ",Married without children,Virginia,38.811492919922,-77.12850189209,-1,
R_3fIAu9Oe6pMeqJq,Default Response Set,Anonymous,,,50.53.254.117,0,2016-04-04 00:18:02,2016-04-04 00:21:30,1,7775582,1,2,3,4,Neutral,Neutral,Neutral,1,2,3,4,26-34,Democrat,Weak,,,,,,Agree,Agree,,,,,Disagree,Disagree,,,,,,,,,,,,,Moderately familiar,Very familiar,1,2,3,4,Female,Masters Degree,Unemployed,Married with children,Oregon,45.365295410156,-122.75790405273,-1,
R_tR4PifG1g0jh4NX,Default Response Set,Anonymous,,,50.149.105.239,0,2016-04-04 00:17:52,2016-04-04 00:22:01,1,3979740,1,2,3,4,Positive,Positive,Positive,1,2,3,4,45-54,Democrat,Strong,,,,,,,,,,,,,,,,,,Agree,Agree,,,,,Agree,Agree,Slightly familiar,Moderately familiar,1,2,3,4,Female,2-year College Degree,"Management, professional, and related ",Married with children,Washington,47.680099487305,-122.12060546875,-1,
R_1nOfk8eGF8xUjYt,Default Response Set,Anonymous,,,50.157.61.74,0,2016-04-04 00:24:44,2016-04-04 00:26:25,1,5313045,1,2,3,4,Neutral,Neutral,Neutral,1,2,3,4,18-25,Independent,,Republican,,,,,,,,,,,,,,,,,Agree,Agree,,,,,Agree,Strongly Agree,Extremely familiar,Very familiar,1,2,3,4,Female,Some College,Sales and office ,"Single, never married",Mississippi,32.288299560547,-88.587997436523,-1,
R_26869rMXlKQ6UTf,Default Response Set,Anonymous,,,67.245.168.189,0,2016-04-04 00:24:13,2016-04-04 00:27:00,1,241517,1,2,3,4,Neutral,Neutral,Neutral,1,2,3,4,35-44,Republican,Strong,,,,,,,,,,,,,,,,,,Disagree,Disagree,,,,,Neither Agree nor Disagree,Agree,Extremely familiar,Slightly familiar,1,2,3,4,Female,2-year College Degree,Sales and office ,Married with children,New York,41.807098388672,-74.73210144043,-1,
R_3soWixQQcGY19t0,Default Response Set,Anonymous,,,64.31.245.36,0,2016-04-04 00:24:51,2016-04-04 00:27:33,1,8162884,1,2,3,4,Neutral,Neutral,Positive,1,2,3,4,26-34,Republican,Moderate,,,,,,,,,,,,,,,,,,Agree,Neither Agree nor Disagree,,,,,Agree,Agree,Moderately familiar,Slightly familiar,1,2,3,4,Female,Masters Degree,Other,Married with children,North Dakota,46.673095703125,-100.6270980835,-1,
R_2fq7ZWwUEskYh3v,Default Response Set,Anonymous,,,73.50.72.8,0,2016-04-04 00:25:11,2016-04-04 00:28:26,1,8028204,1,2,3,4,Positive,Neutral,Neutral,1,2,3,4,26-34,Republican,Moderate,,,,,,,,,,,,,,,,,,Neither Agree nor Disagree,Neither Agree nor Disagree,,,,,Neither Agree nor Disagree,Neither Agree nor Disagree,Very familiar,Moderately familiar,1,2,3,4,Female,4-year College Degree,"Management, professional, and related ",Married with children,Illinois,41.998992919922,-87.821998596191,-1,
R_2t8UoVzqoKSnTXw,Default Response Set,Anonymous,,,170.53.87.241,0,2016-04-04 00:24:10,2016-04-04 00:28:58,1,4194902,1,2,3,4,Negative,Negative,Positive,1,2,3,4,35-44,Democrat,Strong,,,,,,Agree,Agree,,,,,Disagree,Disagree,,,,,,,,,,,,,Slightly familiar,Slightly familiar,1,2,3,4,Female,4-year College Degree,Other,Married with children,North Carolina,36.071395874023,-79.76789855957,-1,
R_1gncaoigrW7QhTL,Default Response Set,Anonymous,,,172.56.6.117,0,2016-04-04 00:29:37,2016-04-04 00:31:28,1,4223022,1,2,3,4,Positive,Neutral,Positive,1,2,3,4,18-25,Democrat,Moderate,,,,,,Neither Agree nor Disagree,Neither Agree nor Disagree,,,,,Neither Agree nor Disagree,Agree,,,,,,,,,,,,,Very familiar,Very familiar,1,2,3,4,Female,Some College,"Management, professional, and related ",Married with children,Louisiana,32.778106689453,-96.955497741699,-1,
R_eEBp1iYL82MkhPT,Default Response Set,Anonymous,,,66.81.28.147,0,2016-04-04 00:25:38,2016-04-04 00:32:12,1,429298,1,2,3,4,Positive,Very Positive,Positive,1,2,3,4,26-34,Republican,Weak,,,,,,Neither Agree nor Disagree,Disagree,,,,,Disagree,Disagree,,,,,,,,,,,,,Moderately familiar,Very familiar,1,2,3,4,Female,Some College,Sales and office ,Married with children,California,33.866104125977,-118.05279541016,-1,
R_1QuUb80KSvekfMM,Default Response Set,Anonymous,,,71.72.139.23,0,2016-04-04 00:29:29,2016-04-04 00:32:51,1,4815236,1,2,3,4,Positive,Positive,Positive,1,2,3,4,26-34,Independent,,Democrat,,,,,Agree,Agree,,,,,Strongly Agree,Strongly Agree,,,,,,,,,,,,,Extremely familiar,Very familiar,1,2,3,4,Female,Some College,"Management, professional, and related ",Divorced,Ohio,41.359802246094,-83.125503540039,-1,
R_1DHKx7ToPCRtmtC,Default Response Set,Anonymous,,,104.152.45.26,0,2016-04-04 00:30:17,2016-04-04 00:33:21,1,4103774,1,2,3,4,Positive,Positive,Positive,1,2,3,4,26-34,Independent,,Democrat,,,,,Agree,Agree,,,,,Agree,Agree,,,,,,,,,,,,,Extremely familiar,Extremely familiar,1,2,3,4,Male,4-year College Degree,Other,"Single, never married",California,34.052993774414,-118.26419830322,-1,
R_3hnAqKBgo6SmYKy,Default Response Set,Anonymous,,,71.52.34.155,0,2016-04-04 00:32:53,2016-04-04 00:37:15,1,3048895,1,2,3,4,Positive,Positive,Neutral,1,2,3,4,45-54,Democrat,Moderate,,,,,,,,,,,,,,,,,,Agree,Agree,,,,,Agree,Agree,Moderately familiar,Slightly familiar,1,2,3,4,Female,4-year College Degree,Unemployed,Married without children,Nevada,36.087707519531,-115.14849853516,-1,
R_1HcPyCigSYOrjgt,Default Response Set,Anonymous,,,99.112.189.7,0,2016-04-04 00:33:33,2016-04-04 00:37:23,1,2604497,1,2,3,4,Positive,Positive,Positive,1,2,3,4,35-44,Independent,,Democrat,,,,,,,,,,,,,,,,,Agree,Disagree,,,,,Strongly Agree,Strongly Agree,Extremely familiar,Extremely familiar,1,2,3,4,Female,Masters Degree,"Management, professional, and related ",Divorced,Texas,32.749206542969,-97.220497131348,-1,
R_ehPUuUc2Ocf4w01,Default Response Set,Anonymous,,,104.50.4.133,0,2016-04-04 00:33:30,2016-04-04 00:39:35,1,1569814,1,2,3,4,Neutral,Neutral,Neutral,1,2,3,4,26-34,Independent,,Democrat,,,,,,,,,,,,,,,,,Neither Agree nor Disagree,Neither Agree nor Disagree,,,,,Agree,Neither Agree nor Disagree,Very familiar,Very familiar,1,2,3,4,Female,Masters Degree,"Management, professional, and related ",Married without children,California,37.280303955078,-121.95669555664,-1,
R_3QReSadeEFQDh8a,Default Response Set,Anonymous,,,152.7.63.178,0,2016-04-04 00:37:43,2016-04-04 00:40:05,1,4075935,1,2,3,4,Positive,Positive,Positive,1,2,3,4,18-25,Independent,,Republican,,,,,Strongly Agree,Strongly Agree,,,,,Strongly Agree,Strongly Agree,,,,,,,,,,,,,Extremely familiar,Very familiar,1,2,3,4,Male,Some College,Unemployed,"Single, never married",North Carolina,35.746307373047,-78.723899841309,-1,
R_2EcnF4bqGOsb6SV,Default Response Set,Anonymous,,,72.192.240.11,0,2016-04-04 00:37:44,2016-04-04 00:41:40,1,8962215,1,2,3,4,Negative,Negative,Neutral,1,2,3,4,18-25,Democrat,Strong,,,,,,Neither Agree nor Disagree,Agree,,,,,Agree,Neither Agree nor Disagree,,,,,,,,,,,,,Extremely familiar,Extremely familiar,1,2,3,4,Male,Some College,Unemployed,"Single, never married",Virginia,38.785095214844,-77.286598205566,-1,
R_RKVQGu8dQlZb3Vv,Default Response Set,Anonymous,,,172.56.12.22,0,2016-04-04 00:41:06,2016-04-04 00:45:36,1,3513030,1,2,3,4,Negative,Neutral,Neutral,1,2,3,4,35-44,Democrat,Moderate,,,,,,,,,,,,,,,,,,Neither Agree nor Disagree,Neither Agree nor Disagree,,,,,Agree,Agree,Moderately familiar,Very familiar,1,2,3,4,Female,High School / GED,Other,"Single, never married",Wisconsin,41.881301879883,-87.844100952148,-1,
R_2PmWX4JvN7mc72h,Default Response Set,Anonymous,,,73.230.81.157,0,2016-04-04 00:43:55,2016-04-04 00:47:45,1,6451252,1,2,3,4,Negative,Neutral,Neutral,1,2,3,4,45-54,Democrat,Strong,,,,,,,,,,,,,,,,,,Agree,Agree,,,,,Agree,Agree,Slightly familiar,Very familiar,1,2,3,4,Female,4-year College Degree,Sales and office ,"Single, never married",Pennsylvania,40.797500610352,-77.902099609375,-1,
R_3HH0mMjkiblV5vX,Default Response Set,Anonymous,,,142.196.127.56,0,2016-04-04 01:02:30,2016-04-04 01:05:11,1,7820259,1,2,3,4,Neutral,Negative,Neutral,1,2,3,4,45-54,Republican,Strong,,,,,,Neither Agree nor Disagree,Agree,,,,,Agree,Agree,,,,,,,,,,,,,Very familiar,Very familiar,1,2,3,4,Female,4-year College Degree,Sales and office ,Married with children,Florida,28.306900024414,-81.424598693848,-1,
R_1hExVFop238qYNN,Default Response Set,Anonymous,,,50.53.35.149,0,2016-04-04 00:54:34,2016-04-04 01:11:53,1,1096913,1,2,3,4,Positive,Positive,Positive,1,2,3,4,35-44,Democrat,Strong,,,,,,,,,,,,,,,,,,Neither Agree nor Disagree,Neither Agree nor Disagree,,,,,Agree,Agree,Moderately familiar,Moderately familiar,1,2,3,4,Male,Some College,Service ,"Single, never married",Oregon,45.522201538086,-122.85929870605,-1,
R_3MPUGHoE97RR83i,Default Response Set,Anonymous,,,115.66.81.241,0,2016-04-04 01:12:51,2016-04-04 01:15:09,1,9806211,1,2,3,4,Positive,Neutral,Positive,1,2,3,4,45-54,Democrat,Weak,,,,,,Agree,Agree,,,,,Disagree,Disagree,,,,,,,,,,,,,Moderately familiar,Very familiar,1,2,3,4,Male,4-year College Degree,"Management, professional, and related ","Single, never married",Illinois,1.2931060791016,103.85580444336,-1,
R_3jVyKCIQrHJARbZ,Default Response Set,Anonymous,,,174.19.241.237,0,2016-04-04 01:14:41,2016-04-04 01:17:35,1,8071293,1,2,3,4,Positive,Very Positive,Neutral,1,2,3,4,55-64,Democrat,Weak,,,,,,Agree,Strongly Agree,,,,,Agree,Agree,,,,,,,,,,,,,Very familiar,Moderately familiar,1,2,3,4,Male,4-year College Degree,Retired,Living w/ partner,Arizona,33.400100708008,-111.92900085449,-1,
R_3FOtZnMV4DGqYiE,Default Response Set,Anonymous,,,189.238.50.4,0,2016-04-04 01:17:52,2016-04-04 01:21:06,1,6933756,1,2,3,4,Neutral,Positive,Positive,1,2,3,4,18-25,Republican,Moderate,,,,,,Neither Agree nor Disagree,Disagree,,,,,Agree,Agree,,,,,,,,,,,,,Very familiar,Slightly familiar,1,2,3,4,Male,High School / GED,"Production, transportation, and material moving ","Single, never married",Texas,27.5,-99.516700744629,-1,
R_yNN1CmbZkV7Bn5n,Default Response Set,Anonymous,,,72.193.68.79,0,2016-04-04 01:21:09,2016-04-04 01:23:40,1,4522346,1,2,3,4,Neutral,Neutral,Neutral,1,2,3,4,26-34,Democrat,Moderate,,,,,,,,,,,,,,,,,,Neither Agree nor Disagree,Neither Agree nor Disagree,,,,,Neither Agree nor Disagree,Neither Agree nor Disagree,Very familiar,Extremely familiar,1,2,3,4,Female,4-year College Degree,"Management, professional, and related ",Married with children,Nevada,35.978103637695,-115.21170043945,-1,
R_PInO4BuRlOixi5X,Default Response Set,Anonymous,,,198.8.80.163,0,2016-04-04 01:21:37,2016-04-04 01:23:51,1,9514233,1,2,3,4,Neutral,Neutral,Positive,1,2,3,4,35-44,Independent,,Democrat,,,,,,,,,,,,,,,,,Agree,Neither Agree nor Disagree,,,,,Neither Agree nor Disagree,Neither Agree nor Disagree,Very familiar,Moderately familiar,1,2,3,4,Male,Masters Degree,Service ,Married without children,Wisconsin,34.043792724609,-118.25120544434,-1,
R_1f8BLwXRE47e0gc,Default Response Set,Anonymous,,,107.133.5.220,0,2016-04-04 01:21:21,2016-04-04 01:23:52,1,1105125,1,2,3,4,Positive,Positive,Neutral,1,2,3,4,35-44,Independent,,Democrat,,,,,,,,,,,,,,,,,Neither Agree nor Disagree,Agree,,,,,Neither Agree nor Disagree,Agree,Moderately familiar,Moderately familiar,1,2,3,4,Female,High School / GED,Service ,Living w/ partner,California,34.151092529297,-118.36660003662,-1,
R_afwnNtWdMFM2T0B,Default Response Set,Anonymous,,,71.193.247.165,0,2016-04-04 01:21:48,2016-04-04 01:26:04,1,2693357,1,2,3,4,Neutral,Neutral,Positive,1,2,3,4,45-54,Independent,,Democrat,,,,,,,,,,,,,,,,,Neither Agree nor Disagree,Neither Agree nor Disagree,,,,,Agree,Agree,Extremely familiar,Extremely familiar,1,2,3,4,Female,4-year College Degree,Other,Separated,Oregon,45.02360534668,-123.11250305176,-1,
R_29vvHKG97teiJj1,Default Response Set,Anonymous,,,209.16.115.67,0,2016-04-04 01:35:18,2016-04-04 01:41:10,1,1314780,1,2,3,4,Positive,Positive,Positive,1,2,3,4,55-64,Democrat,Moderate,,,,,,,,,,,,,,,,,,Agree,Agree,,,,,Agree,Agree,Extremely familiar,Moderately familiar,1,2,3,4,Female,4-year College Degree,Government ,Married with children,Florida,28.306900024414,-81.424598693848,-1,
R_2chg84EuhalxZMF,Default Response Set,Anonymous,,,173.76.90.110,0,2016-04-04 01:11:33,2016-04-04 01:41:27,1,3962897,1,2,3,4,Neutral,Negative,Positive,1,2,3,4,35-44,Independent,,Democrat,,,,,Disagree,Disagree,,,,,Agree,Agree,,,,,,,,,,,,,Slightly familiar,Slightly familiar,1,2,3,4,Male,High School / GED,Service ,"Single, never married",Massachusetts,42.118606567383,-71.103302001953,-1,
R_AczWGsq18ZBfe9P,Default Response Set,Anonymous,,,108.90.206.31,0,2016-04-04 01:46:37,2016-04-04 01:49:05,1,326036,1,2,3,4,Positive,Positive,Positive,1,2,3,4,26-34,Democrat,Weak,,,,,,Agree,Agree,,,,,Neither Agree nor Disagree,Agree,,,,,,,,,,,,,Slightly familiar,Slightly familiar,1,2,3,4,Male,High School / GED,Sales and office ,"Single, never married",California,36.767807006836,-121.65910339355,-1,
R_RWRb9cqQU6gmYbD,Default Response Set,Anonymous,,,98.80.213.137,0,2016-04-04 01:54:22,2016-04-04 01:57:16,1,1383151,1,2,3,4,Neutral,Positive,Neutral,1,2,3,4,26-34,Independent,,Republican,,,,,Agree,Agree,,,,,Agree,Neither Agree nor Disagree,,,,,,,,,,,,,Moderately familiar,Moderately familiar,1,2,3,4,Male,4-year College Degree,"Management, professional, and related ","Single, never married",Georgia,32.897506713867,-83.753601074219,-1,
R_3Ecdy2RGAfgbDO1,Default Response Set,Anonymous,,,50.165.49.160,0,2016-04-04 01:55:41,2016-04-04 01:58:02,1,8770867,1,2,3,4,Neutral,Neutral,Neutral,1,2,3,4,26-34,Democrat,Strong,,,,,,,,,,,,,,,,,,Disagree,Disagree,,,,,Agree,Agree,Very familiar,Moderately familiar,1,2,3,4,Male,High School / GED,Service ,"Single, never married",Indiana,41.592102050781,-87.456398010254,-1,
R_1QzwWRz2aZ3Pnon,Default Response Set,Anonymous,,,69.254.250.136,0,2016-04-04 02:03:41,2016-04-04 02:06:00,1,7210739,1,2,3,4,Neutral,Neutral,Neutral,1,2,3,4,18-25,Democrat,Strong,,,,,,Disagree,Disagree,,,,,Agree,Agree,,,,,,,,,,,,,Moderately familiar,Extremely familiar,1,2,3,4,Female,High School / GED,Service ,Living w/ partner,Kansas,38.851806640625,-94.778602600098,-1,
R_8BpXOjj13RdpTMJ,Default Response Set,Anonymous,,,73.239.157.42,0,2016-04-04 02:15:34,2016-04-04 02:18:25,1,8127849,1,2,3,4,Positive,Positive,Positive,1,2,3,4,18-25,Democrat,Moderate,,,,,,Agree,Agree,,,,,Agree,Agree,,,,,,,,,,,,,Moderately familiar,Very familiar,1,2,3,4,Male,4-year College Degree,Other,"Single, never married",Washington,47.673797607422,-122.34190368652,-1,
R_DMK78SxHoYKwT6x,Default Response Set,Anonymous,,,75.131.100.143,0,2016-04-04 02:19:04,2016-04-04 02:22:38,1,3331368,1,2,3,4,Positive,Neutral,Positive,1,2,3,4,26-34,Independent,,Republican,,,,,Agree,Agree,,,,,Agree,Agree,,,,,,,,,,,,,Extremely familiar,Extremely familiar,1,2,3,4,Male,Some College,"Construction, extraction, and maintenance ","Single, never married",Michigan,43.416107177734,-83.970901489258,-1,
R_1Ia8BY3Kt22f1Dg,Default Response Set,Anonymous,,,207.183.177.26,0,2016-04-04 02:23:01,2016-04-04 02:26:29,1,4516000,1,2,3,4,Negative,Negative,Negative,1,2,3,4,26-34,Democrat,Moderate,,,,,,,,,,,,,,,,,,Agree,Agree,,,,,Agree,Agree,Very familiar,Very familiar,1,2,3,4,Female,Some College,Unemployed,Living w/ partner,Utah,42.982696533203,-110.94930267334,-1,
R_1dah1LAIno4XcpH,Default Response Set,Anonymous,,,73.1.216.31,0,2016-04-04 02:30:52,2016-04-04 02:33:33,1,6386351,1,2,3,4,Negative,Negative,Positive,1,2,3,4,26-34,Republican,Moderate,,,,,,,,,,,,,,,,,,Agree,Agree,,,,,Agree,Disagree,Extremely familiar,Extremely familiar,1,2,3,4,Male,"Professional Degree (JD, MD)","Management, professional, and related ",Married with children,Florida,26.025207519531,-80.295997619629,-1,
R_qWlUUPiRsL6Y3lf,Default Response Set,Anonymous,,,50.155.8.235,0,2016-04-04 02:31:48,2016-04-04 02:36:10,1,2813346,1,2,3,4,Positive,Positive,Positive,1,2,3,4,55-64,Independent,,Republican,,,,,,,,,,,,,,,,,Strongly Agree,Agree,,,,,Strongly Agree,Strongly Agree,Very familiar,Very familiar,1,2,3,4,Male,2-year College Degree,Other,Married with children,Georgia,34.024703979492,-84.503303527832,-1,
R_xsEqxSBzZUS6m09,Default Response Set,Anonymous,,,58.11.39.103,0,2016-04-04 02:37:47,2016-04-04 02:40:11,1,3664403,1,2,3,4,Negative,Negative,Neutral,1,2,3,4,26-34,Democrat,Weak,,,,,,,,,,,,,,,,,,Agree,Agree,,,,,Strongly Agree,Strongly Agree,Very familiar,Very familiar,1,2,3,4,Male,4-year College Degree,"Management, professional, and related ","Single, never married",Colorado,13.753997802734,100.50140380859,-1,
R_3lyOW2pwiuFiYdD,Default Response Set,Anonymous,,,73.136.52.109,0,2016-04-04 02:49:14,2016-04-04 02:51:00,1,5463888,1,2,3,4,Positive,Positive,Positive,1,2,3,4,18-25,Independent,,Democrat,,,,,Agree,Agree,,,,,Agree,Neither Agree nor Disagree,,,,,,,,,,,,,Moderately familiar,Moderately familiar,1,2,3,4,Male,Some College,Other,"Single, never married",Texas,29.528793334961,-95.525199890137,-1,
R_1GUL3CijYQmaRFH,Default Response Set,Anonymous,,,68.4.203.84,0,2016-04-04 02:52:00,2016-04-04 02:58:30,1,1062145,1,2,3,4,Neutral,Neutral,Neutral,1,2,3,4,35-44,Democrat,Weak,,,,,,Agree,Neither Agree nor Disagree,,,,,Agree,Neither Agree nor Disagree,,,,,,,,,,,,,Very familiar,Very familiar,1,2,3,4,Female,Some College,Other,"Single, never married",California,33.571701049805,-117.72889709473,-1,
R_2VyaKAJDBGhtfDP,Default Response Set,Anonymous,,,184.19.80.202,0,2016-04-04 03:23:01,2016-04-04 03:26:07,1,3560231,1,2,3,4,Positive,Neutral,Positive,1,2,3,4,35-44,Independent,,Democrat,,,,,Agree,Agree,,,,,Agree,Agree,,,,,,,,,,,,,Very familiar,Very familiar,1,2,3,4,Female,4-year College Degree,Service ,Married with children,West Virginia,39.358505249023,-79.998397827148,-1,
R_82MZ4tlNifCgch3,Default Response Set,Anonymous,,,50.33.73.37,0,2016-04-04 03:41:17,2016-04-04 03:44:11,1,5301183,1,2,3,4,Positive,Positive,Very Positive,1,2,3,4,26-34,Republican,Moderate,,,,,,,,,,,,,,,,,,Agree,Agree,,,,,Disagree,Disagree,Very familiar,Very familiar,1,2,3,4,Male,Some College,Other,Married without children,Michigan,42.056900024414,-86.456298828125,-1,
R_10wKmMQfqHfEj85,Default Response Set,Anonymous,,,104.182.92.236,0,2016-04-04 03:43:13,2016-04-04 03:46:10,1,4823290,1,2,3,4,Very Positive,Positive,Very Positive,1,2,3,4,35-44,Republican,Strong,,,,,,Strongly Disagree,Strongly Disagree,,,,,Strongly Agree,Strongly Agree,,,,,,,,,,,,,Extremely familiar,Slightly familiar,1,2,3,4,Female,4-year College Degree,Other,Married with children,Alabama,33.10710144043,-86.903198242188,-1,
R_UEJ4YImTNh31UYx,Default Response Set,Anonymous,,,174.102.6.19,0,2016-04-04 03:57:01,2016-04-04 03:59:18,1,3596164,1,2,3,4,Positive,Positive,Positive,1,2,3,4,26-34,Democrat,Moderate,,,,,,,,,,,,,,,,,,Neither Agree nor Disagree,Agree,,,,,Agree,Agree,Very familiar,Very familiar,1,2,3,4,Male,4-year College Degree,Other,"Single, never married",Ohio,40.742599487305,-84.105201721191,-1,
R_12QmrBR4b4xZY0g,Default Response Set,Anonymous,,,76.171.230.102,0,2016-04-04 04:05:52,2016-04-04 04:09:18,1,4021854,1,2,3,4,Positive,Neutral,Positive,1,2,3,4,26-34,Democrat,Weak,,,,,,,,,,,,,,,,,,Agree,Strongly Agree,,,,,Neither Agree nor Disagree,Neither Agree nor Disagree,Extremely familiar,Extremely familiar,1,2,3,4,Male,High School / GED,Unemployed,"Single, never married",California,33.912902832031,-118.34390258789,-1,
R_2uy4bYQmZ7LDFLW,Default Response Set,Anonymous,,,184.156.199.108,0,2016-04-04 04:30:33,2016-04-04 04:34:07,1,7719202,1,2,3,4,Positive,Positive,Negative,1,2,3,4,45-54,Republican,Strong,,,,,,Disagree,Disagree,,,,,Strongly Agree,Strongly Agree,,,,,,,,,,,,,Extremely familiar,Extremely familiar,1,2,3,4,Male,High School / GED,"Management, professional, and related ","Single, never married",Missouri,36.169006347656,-94.456398010254,-1,
R_2dNl8oMdVaxdSb8,Default Response Set,Anonymous,,,162.243.251.163,0,2016-04-04 04:36:25,2016-04-04 04:39:52,1,5570429,1,2,3,4,Positive,Positive,Positive,1,2,3,4,26-34,Democrat,Moderate,,,,,,Strongly Agree,Strongly Agree,,,,,Strongly Agree,Strongly Agree,,,,,,,,,,,,,Extremely familiar,Very familiar,1,2,3,4,Female,High School / GED,Sales and office ,Married with children,Pennsylvania,40.714294433594,-74.005996704102,-1,
R_yDtNA5cocZkWwx3,Default Response Set,Anonymous,,,71.81.85.139,0,2016-04-04 04:57:31,2016-04-04 04:59:24,1,9376796,1,2,3,4,Positive,Neutral,Neutral,1,2,3,4,26-34,Republican,Moderate,,,,,,,,,,,,,,,,,,Agree,Neither Agree nor Disagree,,,,,Agree,Agree,Moderately familiar,Moderately familiar,1,2,3,4,Female,Some College,"Construction, extraction, and maintenance ",Divorced,Missouri,38.549102783203,-90.319900512695,-1,
R_u2nBLxq331tnX0J,Default Response Set,Anonymous,,,76.2.75.201,0,2016-04-04 05:04:50,2016-04-04 05:10:21,1,4263397,1,2,3,4,Neutral,Neutral,Neutral,1,2,3,4,26-34,Independent,,Democrat,,,,,,,,,,,,,,,,,Neither Agree nor Disagree,Neither Agree nor Disagree,,,,,Strongly Agree,Strongly Agree,Very familiar,Moderately familiar,1,2,3,4,Male,Masters Degree,Unemployed,"Single, never married",Ohio,40.266693115234,-82.847702026367,-1,
R_1mKlIx4OLlYX65q,Default Response Set,Anonymous,,,75.110.157.53,0,2016-04-04 05:57:31,2016-04-04 05:59:30,1,2069960,1,2,3,4,Very Positive,Very Positive,Negative,1,2,3,4,55-64,Democrat,Strong,,,,,,Agree,Agree,,,,,Agree,Agree,,,,,,,,,,,,,Not familiar at all,Extremely familiar,1,2,3,4,Male,4-year College Degree,"Management, professional, and related ",Married with children,North Carolina,35.142700195312,-77.16300201416,-1,
R_9YNHrCFn6q3kZ0d,Default Response Set,Anonymous,,,68.32.128.232,0,2016-04-04 05:58:48,2016-04-04 06:01:41,1,5961377,1,2,3,4,Neutral,Neutral,Neutral,1,2,3,4,55-64,Democrat,Strong,,,,,,,,,,,,,,,,,,Neither Agree nor Disagree,Neither Agree nor Disagree,,,,,Neither Agree nor Disagree,Neither Agree nor Disagree,Extremely familiar,Very familiar,1,2,3,4,Male,Some College,Sales and office ,"Single, never married",Michigan,42.688400268555,-83.386497497559,-1,
R_XNvhhVjanaplLln,Default Response Set,Anonymous,,,71.165.73.231,0,2016-04-04 06:27:47,2016-04-04 06:30:09,1,4265863,1,2,3,4,Neutral,Positive,Neutral,1,2,3,4,18-25,Democrat,Strong,,,,,,Neither Agree nor Disagree,Agree,,,,,Disagree,Strongly Disagree,,,,,,,,,,,,,Moderately familiar,Very familiar,1,2,3,4,Female,Some College,Unemployed,"Single, never married",California,33.907104492188,-118.07669830322,-1,
R_3rwG5v6KqhmycLf,Default Response Set,Anonymous,,,75.109.76.236,0,2016-04-04 06:52:52,2016-04-04 06:56:17,1,4671660,1,2,3,4,Neutral,Neutral,Neutral,1,2,3,4,45-54,Republican,Moderate,,,,,,Agree,Agree,,,,,Agree,Agree,,,,,,,,,,,,,Extremely familiar,Very familiar,1,2,3,4,Male,Masters Degree,Government ,Married with children,North Carolina,35.580505371094,-77.012702941895,-1,
R_2TF8B5HXtoZlVB1,Default Response Set,Anonymous,,,71.199.217.46,0,2016-04-04 06:47:29,2016-04-04 07:00:45,1,2905769,1,2,3,4,Neutral,Neutral,Negative,1,2,3,4,26-34,Democrat,Weak,,,,,,,,,,,,,,,,,,Agree,Strongly Agree,,,,,Strongly Agree,Strongly Agree,Extremely familiar,Extremely familiar,1,2,3,4,Female,2-year College Degree,Other,"Single, never married",Florida,27.151901245117,-81.061096191406,-1,
R_2YzFuYIPMP2zi7c,Default Response Set,Anonymous,,,107.77.192.201,0,2016-04-04 07:35:09,2016-04-04 07:37:25,1,5213906,1,2,3,4,Neutral,Negative,Neutral,1,2,3,4,26-34,Democrat,Moderate,,,,,,Agree,Agree,,,,,Agree,Agree,,,,,,,,,,,,,Moderately familiar,Very familiar,1,2,3,4,Male,4-year College Degree,"Management, professional, and related ",Married with children,Ohio,38,-97,-1,
R_3fTPBn04nJKYtDo,Default Response Set,Anonymous,,,99.24.150.159,0,2016-04-04 07:42:07,2016-04-04 07:46:00,1,5144313,1,2,3,4,Negative,Negative,Negative,1,2,3,4,55-64,Republican,Weak,,,,,,,,,,,,,,,,,,Disagree,Disagree,,,,,Agree,Agree,Extremely familiar,Moderately familiar,1,2,3,4,Male,Some College,Other,Divorced,Florida,30.799697875977,-86.974800109863,-1,
R_2V2q4ontd4x48f2,Default Response Set,Anonymous,,,142.105.199.231,0,2016-04-04 07:50:19,2016-04-04 07:51:25,1,1171897,1,2,3,4,Neutral,Neutral,Neutral,1,2,3,4,18-25,Republican,Moderate,,,,,,,,,,,,,,,,,,Neither Agree nor Disagree,Neither Agree nor Disagree,,,,,Neither Agree nor Disagree,Neither Agree nor Disagree,Moderately familiar,Moderately familiar,1,2,3,4,Female,Some College,"Construction, extraction, and maintenance ",Married with children,Maine,44.40510559082,-69.756698608398,-1,
R_3Dhxa4IGfasN2hD,Default Response Set,Anonymous,,,73.194.54.129,0,2016-04-04 08:02:48,2016-04-04 08:05:30,1,47640,1,2,3,4,Positive,Positive,Negative,1,2,3,4,26-34,Independent,,Democrat,,,,,Disagree,Agree,,,,,Agree,Agree,,,,,,,,,,,,,Very familiar,Very familiar,1,2,3,4,Male,4-year College Degree,Sales and office ,"Single, never married",New York,40.429306030273,-74.420303344727,-1,
R_3NPtSJ01RM25ZkK,Default Response Set,Anonymous,,,76.23.238.147,0,2016-04-04 08:05:33,2016-04-04 08:07:58,1,8108476,1,2,3,4,Positive,Neutral,Positive,1,2,3,4,35-44,Democrat,Moderate,,,,,,,,,,,,,,,,,,Agree,Agree,,,,,Strongly Agree,Strongly Agree,Moderately familiar,Very familiar,1,2,3,4,Male,4-year College Degree,"Management, professional, and related ",Married without children,Massachusetts,42.791397094727,-71.132202148438,-1,
R_5uvO4Zt5iG1jWhj,Default Response Set,Anonymous,,,66.73.144.15,0,2016-04-04 08:04:44,2016-04-04 08:09:41,1,5273354,1,2,3,4,Positive,Positive,Positive,1,2,3,4,35-44,Independent,,Democrat,,,,,Disagree,Strongly Disagree,,,,,Agree,Disagree,,,,,,,,,,,,,Extremely familiar,Extremely familiar,1,2,3,4,Male,Masters Degree,Other,Married with children,Ohio,41.435195922852,-81.81079864502,-1,
R_4SYJbhAgQZySLkh,Default Response Set,Anonymous,,,98.255.43.62,0,2016-04-04 08:11:29,2016-04-04 08:15:08,1,7860312,1,2,3,4,Positive,Positive,Very Positive,1,2,3,4,26-34,Independent,,Democrat,,,,,,,,,,,,,,,,,Agree,Agree,,,,,Neither Agree nor Disagree,Disagree,Moderately familiar,Moderately familiar,1,2,3,4,Male,4-year College Degree,"Management, professional, and related ","Single, never married",California,38.344497680664,-121.42929840088,-1,
R_2xGn2H3a0cVqmJQ,Default Response Set,Anonymous,,,142.255.122.126,0,2016-04-04 08:13:13,2016-04-04 08:15:16,1,7081745,1,2,3,4,Negative,Very Negative,Positive,1,2,3,4,26-34,Independent,,Democrat,,,,,Disagree,Disagree,,,,,Strongly Agree,Strongly Agree,,,,,,,,,,,,,Extremely familiar,Extremely familiar,1,2,3,4,Female,Some College,Unemployed,"Single, never married",New York,40.693099975586,-73.736999511719,-1,
R_1ffIzXTkGex9BpS,Default Response Set,Anonymous,,,134.192.135.254,0,2016-04-04 08:16:10,2016-04-04 08:20:09,1,992104,1,2,3,4,Neutral,Neutral,Negative,1,2,3,4,45-54,Democrat,Moderate,,,,,,Neither Agree nor Disagree,Neither Agree nor Disagree,,,,,Strongly Agree,Agree,,,,,,,,,,,,,Slightly familiar,Slightly familiar,1,2,3,4,Female,Masters Degree,"Management, professional, and related ",Separated,Maryland,39.295196533203,-76.623100280762,-1,
R_2PmJPvfESU09dv6,Default Response Set,Anonymous,,,72.47.176.70,0,2016-04-04 08:20:18,2016-04-04 08:25:06,1,3127496,1,2,3,4,Positive,Very Positive,Negative,1,2,3,4,26-34,Independent,,Democrat,,,,,Disagree,Disagree,,,,,Agree,Agree,,,,,,,,,,,,,Moderately familiar,Moderately familiar,1,2,3,4,Female,Some College,"Production, transportation, and material moving ",Married without children,California,37.505996704102,-118.31140136719,-1,
R_3CErfkxTXUMUi7E,Default Response Set,Anonymous,,,128.170.224.10,0,2016-04-04 08:32:01,2016-04-04 08:34:21,1,788391,1,2,3,4,Very Positive,Very Positive,Very Positive,1,2,3,4,26-34,Republican,Moderate,,,,,,,,,,,,,,,,,,Agree,Agree,,,,,Strongly Disagree,Strongly Disagree,Slightly familiar,Moderately familiar,1,2,3,4,Male,2-year College Degree,"Management, professional, and related ",Married with children,Oklahoma,40.744903564453,-73.978202819824,-1,
R_2uTB1cEgSFmWlNk,Default Response Set,Anonymous,,,73.64.138.2,0,2016-04-04 08:40:23,2016-04-04 08:42:18,1,7331102,1,2,3,4,Neutral,Neutral,Neutral,1,2,3,4,35-44,Democrat,Strong,,,,,,,,,,,,,,,,,,Neither Agree nor Disagree,Agree,,,,,Agree,Agree,Moderately familiar,Not familiar at all,1,2,3,4,Female,2-year College Degree,"Management, professional, and related ",Married without children,Pennsylvania,41.406600952148,-75.621803283691,-1,
R_WuPhY8A5hsV4ycN,Default Response Set,Anonymous,,,69.121.165.135,0,2016-04-04 08:43:23,2016-04-04 08:44:43,1,4767058,1,2,3,4,Neutral,Neutral,Neutral,1,2,3,4,18-25,Independent,,Republican,,,,,,,,,,,,,,,,,Neither Agree nor Disagree,Neither Agree nor Disagree,,,,,Neither Agree nor Disagree,Neither Agree nor Disagree,Moderately familiar,Moderately familiar,1,2,3,4,Female,4-year College Degree,Service ,"Single, never married",New York,40.785003662109,-73.406196594238,-1,
R_1rwxNQHrGAHqn0n,Default Response Set,Anonymous,,,68.103.18.85,0,2016-04-04 08:45:56,2016-04-04 08:48:03,1,6852394,1,2,3,4,Negative,Negative,Neutral,1,2,3,4,35-44,Independent,,Democrat,,,,,Agree,Agree,,,,,Agree,Agree,,,,,,,,,,,,,Extremely familiar,Extremely familiar,1,2,3,4,Male,Some College,Sales and office ,Married without children,Kansas,39.037994384766,-95.727798461914,-1,
R_3qL5rZnuzt8rIpZ,Default Response Set,Anonymous,,,69.141.27.82,0,2016-04-04 08:45:12,2016-04-04 08:48:33,1,9207100,1,2,3,4,Negative,Negative,Neutral,1,2,3,4,35-44,Independent,,Democrat,,,,,,,,,,,,,,,,,Disagree,Disagree,,,,,Agree,Neither Agree nor Disagree,Very familiar,Extremely familiar,1,2,3,4,Female,4-year College Degree,Other,Married with children,New Jersey,40.751800537109,-74.066200256348,-1,
R_1PZx3wGP4cepaKJ,Default Response Set,Anonymous,,,108.70.131.47,0,2016-04-04 08:42:54,2016-04-04 08:48:40,1,6385798,1,2,3,4,Very Negative,Very Negative,Negative,1,2,3,4,45-54,Independent,,Republican,,,,,,,,,,,,,,,,,Disagree,Disagree,,,,,Agree,Agree,Very familiar,Very familiar,1,2,3,4,Male,Some College,Service ,Divorced,North Carolina,35.683807373047,-78.663597106934,-1,
R_2UWpYzY9eTAFrU1,Default Response Set,Anonymous,,,74.69.236.166,0,2016-04-04 08:50:06,2016-04-04 08:51:51,1,7500455,1,2,3,4,Positive,Positive,Positive,1,2,3,4,35-44,Democrat,Moderate,,,,,,,,,,,,,,,,,,Strongly Agree,Strongly Agree,,,,,Agree,Agree,Very familiar,Very familiar,1,2,3,4,Female,Some College,Sales and office ,"Single, never married",New Hampshire,42.970306396484,-72.279998779297,-1,
R_3LciXtaIpIRYjuj,Default Response Set,Anonymous,,,73.49.39.78,0,2016-04-04 08:51:05,2016-04-04 08:54:40,1,9167974,1,2,3,4,Very Positive,Very Positive,Very Positive,1,2,3,4,45-54,Independent,,Republican,,,,,Agree,Agree,,,,,Agree,Agree,,,,,,,,,,,,,Extremely familiar,Extremely familiar,1,2,3,4,Male,4-year College Degree,"Management, professional, and related ","Single, never married",Florida,27.592102050781,-80.385299682617,-1,
R_3CPEdHF1SkRrSZJ,Default Response Set,Anonymous,,,70.208.143.208,0,2016-04-04 08:55:50,2016-04-04 08:59:24,1,1736499,1,2,3,4,Neutral,Neutral,Neutral,1,2,3,4,26-34,Democrat,Moderate,,,,,,,,,,,,,,,,,,Disagree,Disagree,,,,,Agree,Neither Agree nor Disagree,Extremely familiar,Extremely familiar,1,2,3,4,Female,Masters Degree,Sales and office ,Living w/ partner,Virginia,38.833694458008,-77.120399475098,-1,
R_2cbxPl2zDq2jAto,Default Response Set,Anonymous,,,67.1.55.30,0,2016-04-04 08:56:55,2016-04-04 08:59:29,1,9028334,1,2,3,4,Negative,Negative,Negative,1,2,3,4,45-54,Democrat,Moderate,,,,,,,,,,,,,,,,,,Disagree,Disagree,,,,,Agree,Agree,Slightly familiar,Slightly familiar,1,2,3,4,Female,2-year College Degree,"Farming, fishing, and forestry","Single, never married",Arizona,32.178497314453,-110.78970336914,-1,
R_2TzMCMCarfQ7FDE,Default Response Set,Anonymous,,,96.245.24.93,0,2016-04-04 08:58:08,2016-04-04 09:00:17,1,9450412,1,2,3,4,Positive,Positive,Positive,1,2,3,4,35-44,Republican,Moderate,,,,,,Disagree,Disagree,,,,,Agree,Agree,,,,,,,,,,,,,Extremely familiar,Very familiar,1,2,3,4,Female,Masters Degree,Other,Married with children,Pennsylvania,40.567794799805,-75.482803344727,-1,
R_1NypY9qBY5CFmcw,Default Response Set,Anonymous,,,68.37.230.143,0,2016-04-04 08:56:55,2016-04-04 09:02:29,1,5659439,1,2,3,4,Neutral,Neutral,Neutral,1,2,3,4,18-25,Democrat,Strong,,,,,,Agree,Agree,,,,,Agree,Agree,,,,,,,,,,,,,Slightly familiar,Slightly familiar,1,2,3,4,Female,4-year College Degree,Service ,"Single, never married",Michigan,42.725692749023,-84.636001586914,-1,
R_1gBDIsj7xNlKIWA,Default Response Set,Anonymous,,,65.190.144.199,0,2016-04-04 09:04:03,2016-04-04 09:07:40,1,516818,1,2,3,4,Positive,Neutral,Positive,1,2,3,4,55-64,Republican,Moderate,,,,,,,,,,,,,,,,,,Agree,Agree,,,,,Disagree,Neither Agree nor Disagree,Extremely familiar,Extremely familiar,1,2,3,4,Male,4-year College Degree,Retired,Married with children,North Carolina,35.62629699707,-78.437103271484,-1,
R_1GV9dmrIT698WZf,Default Response Set,Anonymous,,,98.170.233.116,0,2016-04-04 09:06:35,2016-04-04 09:08:56,1,6607886,1,2,3,4,Neutral,Negative,Positive,1,2,3,4,45-54,Republican,Strong,,,,,,Agree,Agree,,,,,Agree,Strongly Agree,,,,,,,,,,,,,Extremely familiar,Very familiar,1,2,3,4,Female,Masters Degree,"Management, professional, and related ",Married with children,Florida,30.514297485352,-86.462997436523,-1,
R_2BwVeoEtAWcWWWi,Default Response Set,Anonymous,,,96.246.51.20,0,2016-04-04 09:09:14,2016-04-04 09:09:52,1,3331194,1,2,3,4,Very Positive,Positive,Neutral,1,2,3,4,26-34,Democrat,Moderate,,,,,,Agree,Neither Agree nor Disagree,,,,,Agree,Strongly Agree,,,,,,,,,,,,,Slightly familiar,Moderately familiar,1,2,3,4,Male,2-year College Degree,"Management, professional, and related ","Single, never married",New York,40.602401733398,-73.763702392578,-1,
R_9RmDLdeOrjsEn8B,Default Response Set,Anonymous,,,75.183.81.213,0,2016-04-04 09:02:28,2016-04-04 09:10:04,1,2330271,1,2,3,4,Positive,Positive,Neutral,1,2,3,4,45-54,Republican,Moderate,,,,,,,,,,,,,,,,,,Disagree,Neither Agree nor Disagree,,,,,Agree,Strongly Agree,Extremely familiar,Extremely familiar,1,2,3,4,Male,4-year College Degree,"Management, professional, and related ",Divorced,North Carolina,35.955703735352,-80.005302429199,-1,
R_1E6y4CnrdyZiHy2,Default Response Set,Anonymous,,,98.14.170.194,0,2016-04-04 09:08:11,2016-04-04 09:10:46,1,3463753,1,2,3,4,Positive,Positive,Positive,1,2,3,4,35-44,Republican,Moderate,,,,,,Neither Agree nor Disagree,Agree,,,,,Agree,Agree,,,,,,,,,,,,,Moderately familiar,Moderately familiar,1,2,3,4,Female,4-year College Degree,Service ,"Single, never married",New York,40.735397338867,-73.878303527832,-1,
R_1EXSBEuYUxgyFfg,Default Response Set,Anonymous,,,69.122.255.210,0,2016-04-04 09:11:22,2016-04-04 09:12:21,1,8374415,1,2,3,4,Neutral,Neutral,Neutral,1,2,3,4,35-44,Republican,Moderate,,,,,,Neither Agree nor Disagree,Neither Agree nor Disagree,,,,,Neither Agree nor Disagree,Neither Agree nor Disagree,,,,,,,,,,,,,Moderately familiar,Moderately familiar,1,2,3,4,Female,Masters Degree,Other,Married with children,New Jersey,40.278701782227,-74.368301391602,-1,
R_3jU7yrBHP0573wH,Default Response Set,Anonymous,,,80.101.212.2,0,2016-04-04 09:11:03,2016-04-04 09:13:40,1,8881049,1,2,3,4,Positive,Positive,Positive,1,2,3,4,35-44,Independent,,Republican,,,,,,,,,,,,,,,,,Agree,Agree,,,,,Agree,Agree,Very familiar,Very familiar,1,2,3,4,Male,Masters Degree,"Management, professional, and related ",Married with children,California,52.071395874023,4.2823028564453,-1,
R_3NzbC0icraJIw3B,Default Response Set,Anonymous,,,73.246.83.194,0,2016-04-04 09:12:12,2016-04-04 09:14:47,1,9438138,1,2,3,4,Negative,Neutral,Negative,1,2,3,4,45-54,Republican,Strong,,,,,,,,,,,,,,,,,,Disagree,Disagree,,,,,Agree,Agree,Moderately familiar,Very familiar,1,2,3,4,Female,4-year College Degree,Service ,Married with children,Illinois,41.787002563477,-88.083297729492,-1,
R_YcwzCqCyhleaThD,Default Response Set,Anonymous,,,107.214.204.47,0,2016-04-04 09:19:15,2016-04-04 09:22:08,1,8549483,1,2,3,4,Neutral,Neutral,Neutral,1,2,3,4,55-64,Democrat,Moderate,,,,,,Agree,Agree,,,,,Agree,Agree,,,,,,,,,,,,,Slightly familiar,Slightly familiar,1,2,3,4,Female,4-year College Degree,Retired,Divorced,Michigan,42.953598022461,-85.657600402832,-1,
R_3fkqQkyM92U9UaT,Default Response Set,Anonymous,,,100.13.5.142,0,2016-04-04 09:18:06,2016-04-04 09:23:18,1,2658322,1,2,3,4,Positive,Positive,Positive,1,2,3,4,35-44,Independent,,Democrat,,,,,Neither Agree nor Disagree,Neither Agree nor Disagree,,,,,Neither Agree nor Disagree,Neither Agree nor Disagree,,,,,,,,,,,,,Moderately familiar,Moderately familiar,1,2,3,4,Female,Masters Degree,Unemployed,Married with children,Florida,28.08219909668,-82.523902893066,-1,
R_3IWEzGPITwujtEj,Default Response Set,Anonymous,,,96.240.137.133,0,2016-04-04 09:28:17,2016-04-04 09:33:03,1,5500532,1,2,3,4,Neutral,Neutral,Neutral,1,2,3,4,26-34,Independent,,Democrat,,,,,Neither Agree nor Disagree,Neither Agree nor Disagree,,,,,Neither Agree nor Disagree,Neither Agree nor Disagree,,,,,,,,,,,,,Moderately familiar,Moderately familiar,1,2,3,4,Female,4-year College Degree,Unemployed,Married without children,Virginia,39.045593261719,-77.385299682617,-1,
R_d1lgIgKnFNPPb3P,Default Response Set,Anonymous,,,144.160.226.91,0,2016-04-04 09:32:48,2016-04-04 09:34:22,1,1383374,1,2,3,4,Positive,Positive,Positive,1,2,3,4,26-34,Independent,,Republican,,,,,Agree,Agree,,,,,Disagree,Disagree,,,,,,,,,,,,,Extremely familiar,Extremely familiar,1,2,3,4,Male,Masters Degree,"Management, professional, and related ",Married without children,North Carolina,40.459197998047,-74.302001953125,-1,
R_2D6uPSO5Ou4a6ZV,Default Response Set,Anonymous,,,144.160.226.91,0,2016-04-04 09:32:58,2016-04-04 09:35:09,1,73827,1,2,3,4,Positive,Positive,Positive,1,2,3,4,26-34,Democrat,Moderate,,,,,,,,,,,,,,,,,,Disagree,Disagree,,,,,Agree,Agree,Extremely familiar,Extremely familiar,1,2,3,4,Female,Doctoral Degree,Service ,Married without children,North Carolina,40.459197998047,-74.302001953125,-1,
R_3RgB6BZDnacdzPX,Default Response Set,Anonymous,,,174.131.127.186,0,2016-04-04 09:33:03,2016-04-04 09:37:56,1,569664,1,2,3,4,Neutral,Negative,Positive,1,2,3,4,35-44,Independent,,Democrat,,,,,,,,,,,,,,,,,Agree,Agree,,,,,Strongly Agree,Agree,Extremely familiar,Extremely familiar,1,2,3,4,Female,Some College,"Management, professional, and related ",Married with children,Florida,29.832305908203,-82.585403442383,-1,
R_a2yTBePzVHhe3SN,Default Response Set,Anonymous,,,172.101.122.87,0,2016-04-04 09:40:13,2016-04-04 09:45:50,1,1033485,1,2,3,4,Positive,Positive,Neutral,1,2,3,4,26-34,Democrat,Moderate,,,,,,Agree,Agree,,,,,Disagree,Disagree,,,,,,,,,,,,,Slightly familiar,Moderately familiar,1,2,3,4,Female,4-year College Degree,Unemployed,"Single, never married",New York,42.986404418945,-78.727897644043,-1,
R_1FM4cN3hRd9IHDQ,Default Response Set,Anonymous,,,174.54.13.133,0,2016-04-04 09:44:10,2016-04-04 09:48:40,1,3300026,1,2,3,4,Neutral,Neutral,Neutral,1,2,3,4,35-44,Republican,Weak,,,,,,Neither Agree nor Disagree,Neither Agree nor Disagree,,,,,Neither Agree nor Disagree,Neither Agree nor Disagree,,,,,,,,,,,,,Moderately familiar,Moderately familiar,1,2,3,4,Female,4-year College Degree,Unemployed,Married with children,Pennsylvania,40.00520324707,-76.324600219727,-1,
R_5cnhWNkUaSkj3bP,Default Response Set,Anonymous,,,208.54.85.223,0,2016-04-04 09:52:30,2016-04-04 09:54:40,1,7908230,1,2,3,4,Positive,Positive,Positive,1,2,3,4,26-34,Republican,Moderate,,,,,,Disagree,Neither Agree nor Disagree,,,,,Agree,Agree,,,,,,,,,,,,,Extremely familiar,Not familiar at all,1,2,3,4,Female,High School / GED,Other,Married with children,Florida,25.774307250977,-80.193702697754,-1,
R_2AGTwY4gE3iwTFN,Default Response Set,Anonymous,,,72.239.83.31,0,2016-04-04 09:50:43,2016-04-04 09:55:00,1,7109424,1,2,3,4,Positive,Neutral,Positive,1,2,3,4,45-54,Independent,,Republican,,,,,Disagree,Neither Agree nor Disagree,,,,,Agree,Agree,,,,,,,,,,,,,Very familiar,Very familiar,1,2,3,4,Male,4-year College Degree,"Management, professional, and related ",Married with children,Florida,28.665298461914,-81.418800354004,-1,
R_2Bx7FBuQQkZ61oO,Default Response Set,Anonymous,,,70.57.254.214,0,2016-04-04 09:54:50,2016-04-04 09:56:39,1,6814431,1,2,3,4,Positive,Positive,Positive,1,2,3,4,35-44,Democrat,Moderate,,,,,,,,,,,,,,,,,,Agree,Agree,,,,,Neither Agree nor Disagree,Neither Agree nor Disagree,Moderately familiar,Very familiar,1,2,3,4,Female,Some College,Sales and office ,Married with children,New Mexico,35.246704101562,-106.72319793701,-1,
R_2y7qhAevbnLqLea,Default Response Set,Anonymous,,,173.54.113.195,0,2016-04-04 10:04:30,2016-04-04 10:08:38,1,931058,1,2,3,4,Neutral,Neutral,Negative,1,2,3,4,26-34,Democrat,Strong,,,,,,,,,,,,,,,,,,Neither Agree nor Disagree,Neither Agree nor Disagree,,,,,Agree,Agree,Very familiar,Very familiar,1,2,3,4,Female,4-year College Degree,Other,"Single, never married",New Jersey,40.885894775391,-74.046798706055,-1,
